{
  "timestamp": "2025-09-14T11:40:40.330381",
  "dataset_info": {
    "n_samples": 5000,
    "n_features": 17,
    "feature_names": [
      "age",
      "gender",
      "height",
      "weight",
      "ap_hi",
      "ap_lo",
      "cholesterol",
      "gluc",
      "smoke",
      "alco",
      "active",
      "heart_rate",
      "chest_pain",
      "shortness_of_breath",
      "fatigue"
    ],
    "target_names": [
      "No Disease",
      "Disease"
    ],
    "class_distribution": {
      "0": 1019,
      "1": 3981
    }
  },
  "classical_models": {
    "Logistic Regression": {
      "accuracy": 0.8099999999999999,
      "accuracy_std": 0.0035213633723317605,
      "balanced_accuracy": 0.5853125477105714,
      "f1": 0.8899130337552951,
      "roc_auc": 0.7778263991852837
    },
    "Random Forest": {
      "accuracy": 0.8126,
      "accuracy_std": 0.002727636339397123,
      "balanced_accuracy": 0.5920699284976099,
      "f1": 0.8912294425245422,
      "roc_auc": 0.7624221952263767
    },
    "XGBoost": {
      "accuracy": 0.804,
      "accuracy_std": 0.009359487165438057,
      "balanced_accuracy": 0.6155075289333556,
      "f1": 0.8835161248394956,
      "roc_auc": 0.7485757803431298
    },
    "LightGBM": {
      "accuracy": 0.8097999999999999,
      "accuracy_std": 0.008818163074019402,
      "balanced_accuracy": 0.6176958841443905,
      "f1": 0.8874493869862274,
      "roc_auc": 0.7729320909411564
    }
  },
  "neural_network": {
    "accuracy": 0.81,
    "f1": 0.7795114481900615,
    "balanced_accuracy": 0.6035816336584885,
    "best_val_loss": 0.42854261584579945
  }
}