{
  "phase": "Phase 10: Final Model & System Validation",
  "data_source": "synthetic",
  "timestamp": "2025-09-30T12:59:39.077229",
  "execution_time_seconds": 0.20714282989501953,
  "subphase_10_1": {
    "models_validated": [
      "DecisionTree",
      "RandomForest",
      "GradientBoosting"
    ],
    "validation_metrics": {
      "DecisionTree": {
        "accuracy": 0.82,
        "precision_macro": 0.7379976580796253,
        "precision_weighted": 0.8112763466042154,
        "recall_macro": 0.7105672105672105,
        "recall_weighted": 0.82,
        "f1_macro": 0.7222031689416284,
        "f1_weighted": 0.8145057960079566,
        "balanced_accuracy": 0.7105672105672105
      },
      "RandomForest": {
        "accuracy": 0.8933333333333333,
        "precision_macro": 0.872,
        "precision_weighted": 0.88992,
        "recall_macro": 0.8010878010878011,
        "recall_weighted": 0.8933333333333333,
        "f1_macro": 0.829011114277572,
        "f1_weighted": 0.8877400968937019,
        "balanced_accuracy": 0.8010878010878011
      },
      "GradientBoosting": {
        "accuracy": 0.8933333333333333,
        "precision_macro": 0.8626919602529358,
        "precision_weighted": 0.8895031616982836,
        "recall_macro": 0.811965811965812,
        "recall_weighted": 0.8933333333333333,
        "f1_macro": 0.8333333333333333,
        "f1_weighted": 0.8893333333333334,
        "balanced_accuracy": 0.811965811965812
      }
    },
    "generalization_analysis": {
      "DecisionTree": {
        "train_accuracy": 0.9571428571428572,
        "test_accuracy": 0.82,
        "generalization_gap": 0.13714285714285723,
        "overfitting_detected": true,
        "severity": "moderate"
      },
      "RandomForest": {
        "train_accuracy": 1.0,
        "test_accuracy": 0.8933333333333333,
        "generalization_gap": 0.10666666666666669,
        "overfitting_detected": true,
        "severity": "moderate"
      },
      "GradientBoosting": {
        "train_accuracy": 1.0,
        "test_accuracy": 0.8933333333333333,
        "generalization_gap": 0.10666666666666669,
        "overfitting_detected": true,
        "severity": "moderate"
      }
    },
    "statistical_tests": {},
    "summary": {
      "total_models": 3,
      "average_test_accuracy": 0.8688888888888888,
      "average_f1_score": 0.7948492055175113,
      "average_generalization_gap": 0.11682539682539687,
      "best_model": "RandomForest"
    }
  },
  "subphase_10_2": {
    "pipeline_tests": {},
    "test_results": [
      {
        "test": "data_loading_preprocessing",
        "status": "PASSED",
        "message": "Successfully loaded and validated 100 samples"
      },
      {
        "test": "feature_scaling_consistency",
        "status": "PASSED",
        "message": "Feature scaling is consistent"
      },
      {
        "test": "model_prediction_DecisionTree",
        "status": "PASSED",
        "message": "Successfully predicted 100 samples"
      },
      {
        "test": "model_prediction_RandomForest",
        "status": "PASSED",
        "message": "Successfully predicted 100 samples"
      },
      {
        "test": "model_prediction_GradientBoosting",
        "status": "PASSED",
        "message": "Successfully predicted 100 samples"
      },
      {
        "test": "edge_case_handling",
        "status": "PASSED",
        "message": "Models handle edge cases correctly"
      },
      {
        "test": "error_handling",
        "status": "PASSED",
        "message": "Error handling works as expected"
      }
    ],
    "failures": [],
    "warnings": [],
    "summary": {
      "total_tests": 7,
      "passed": 7,
      "failed": 0,
      "pass_rate": 1.0,
      "all_tests_passed": true
    }
  },
  "subphase_10_3": {
    "documentation_sections": [
      "performance_summary",
      "model_comparison",
      "key_findings",
      "recommendations",
      "next_steps"
    ],
    "key_findings": [
      "Best performing model: RandomForest with test accuracy of 0.893",
      "Overfitting detected in: DecisionTree, RandomForest, GradientBoosting",
      "Average generalization gap: 0.117"
    ],
    "recommendations": [
      "Consider collecting more training data to improve model generalization",
      "Implement continuous monitoring for model performance in production",
      "Set up automated retraining pipelines for model updates"
    ],
    "next_steps": [
      "Deploy best performing model to production environment",
      "Set up model monitoring and alerting systems",
      "Implement A/B testing framework for model comparison",
      "Create model documentation and API specifications",
      "Establish model governance and compliance procedures",
      "Plan for model versioning and rollback strategies",
      "Schedule regular model retraining and evaluation cycles",
      "Implement explainability features for production predictions"
    ],
    "model_comparison": {
      "DecisionTree": {
        "train_accuracy": 0.9571428571428572,
        "test_accuracy": 0.82,
        "overfitting_risk": "moderate"
      },
      "RandomForest": {
        "train_accuracy": 1.0,
        "test_accuracy": 0.8933333333333333,
        "overfitting_risk": "moderate"
      },
      "GradientBoosting": {
        "train_accuracy": 1.0,
        "test_accuracy": 0.8933333333333333,
        "overfitting_risk": "moderate"
      }
    },
    "performance_summary": {
      "models_evaluated": [
        "DecisionTree",
        "RandomForest",
        "GradientBoosting"
      ],
      "total_samples": 500,
      "train_samples": 350,
      "test_samples": 150,
      "features": 6,
      "classes": 2
    },
    "summary": {
      "total_sections": 5,
      "total_findings": 3,
      "total_recommendations": 3,
      "total_next_steps": 8,
      "documentation_complete": true
    }
  },
  "summary": {
    "subphases_completed": 3,
    "total_models_validated": 3,
    "average_test_accuracy": 0.8688888888888888,
    "best_model": "RandomForest",
    "pipeline_tests_passed": 7,
    "pipeline_tests_failed": 0,
    "pipeline_pass_rate": 1.0,
    "total_findings": 3,
    "total_recommendations": 3,
    "total_next_steps": 8,
    "execution_time_seconds": 0.20714282989501953,
    "phase_complete": true
  }
}