{
  "timestamp": "2025-09-29T16:02:15.942794",
  "data_source": "synthetic",
  "architecture_analysis": {
    "data_characteristics": {
      "n_samples": 1000,
      "n_features": 6,
      "n_classes": 2,
      "samples_per_feature_ratio": 166.66666666666666,
      "feature_variance": 518.5377293184689,
      "class_balance": {
        "0": 690,
        "1": 310
      }
    },
    "architecture_recommendations": {
      "complexity": "high",
      "regularization": "light",
      "class_weight": "balanced"
    },
    "overfitting_risk_factors": [
      "Class imbalance detected"
    ]
  },
  "baseline_results": {
    "logistic_regression": {
      "train_accuracy": 0.7371428571428571,
      "test_accuracy": 0.7366666666666667,
      "cv_mean": 0.7271428571428572,
      "cv_std": 0.02449489742783177,
      "overfitting_score": 0.0004761904761904079,
      "precision": 0.7198931319464235,
      "recall": 0.7366666666666667,
      "f1": 0.7164114514963348
    },
    "decision_tree": {
      "train_accuracy": 0.8214285714285714,
      "test_accuracy": 0.7066666666666667,
      "cv_mean": 0.7114285714285714,
      "cv_std": 0.017261494247992226,
      "overfitting_score": 0.11476190476190473,
      "precision": 0.6955793573515092,
      "recall": 0.7066666666666667,
      "f1": 0.6995261899587045
    }
  },
  "complexity_results": {
    "random_forest_simple": {
      "train_accuracy": 0.8057142857142857,
      "test_accuracy": 0.7233333333333334,
      "cv_mean": 0.7057142857142857,
      "cv_std": 0.02364706479606695,
      "overfitting_score": 0.08238095238095233,
      "precision": 0.7051010101010101,
      "recall": 0.7233333333333334,
      "f1": 0.6789502789710167
    },
    "random_forest_moderate": {
      "train_accuracy": 0.9828571428571429,
      "test_accuracy": 0.7166666666666667,
      "cv_mean": 0.7114285714285714,
      "cv_std": 0.03741657386773944,
      "overfitting_score": 0.2661904761904762,
      "precision": 0.6953049301795384,
      "recall": 0.7166666666666667,
      "f1": 0.6948730807239045
    },
    "random_forest_complex": {
      "train_accuracy": 1.0,
      "test_accuracy": 0.69,
      "cv_mean": 0.722857142857143,
      "cv_std": 0.03207134902949094,
      "overfitting_score": 0.31000000000000005,
      "precision": 0.6652521008403361,
      "recall": 0.69,
      "f1": 0.6697977528089888
    },
    "svm_linear": {
      "train_accuracy": 0.74,
      "test_accuracy": 0.7433333333333333,
      "cv_mean": 0.7342857142857143,
      "cv_std": 0.025314350209527665,
      "overfitting_score": -0.0033333333333332993,
      "precision": 0.7280971896955504,
      "recall": 0.7433333333333333,
      "f1": 0.7219937796693404
    },
    "svm_rbf": {
      "train_accuracy": 0.7728571428571429,
      "test_accuracy": 0.73,
      "cv_mean": 0.7285714285714286,
      "cv_std": 0.011952286093343947,
      "overfitting_score": 0.04285714285714293,
      "precision": 0.71125,
      "recall": 0.73,
      "f1": 0.7001501877346683
    },
    "mlp_simple": {
      "train_accuracy": 0.8142857142857143,
      "test_accuracy": 0.7066666666666667,
      "cv_mean": 0.7200000000000001,
      "cv_std": 0.012289036095775202,
      "overfitting_score": 0.10761904761904761,
      "precision": 0.6889591567852438,
      "recall": 0.7066666666666667,
      "f1": 0.6929748012853035
    },
    "mlp_complex": {
      "train_accuracy": 1.0,
      "test_accuracy": 0.69,
      "cv_mean": 0.6714285714285714,
      "cv_std": 0.028212025225902153,
      "overfitting_score": 0.31000000000000005,
      "precision": 0.6855188679245283,
      "recall": 0.69,
      "f1": 0.6875678740489722
    }
  },
  "recommendations": {
    "best_baseline_model": {
      "name": "logistic_regression",
      "test_accuracy": 0.7366666666666667
    },
    "best_complex_model": {
      "name": "svm_linear",
      "test_accuracy": 0.7433333333333333
    },
    "architecture_advice": [
      "Use regularization techniques (L1/L2, early stopping)",
      "Consider data augmentation or feature selection"
    ],
    "overfitting_warnings": [
      "random_forest_moderate: High overfitting (gap: 0.266)",
      "random_forest_complex: High overfitting (gap: 0.310)",
      "mlp_complex: High overfitting (gap: 0.310)"
    ],
    "performance_summary": {},
    "best_overall_model": {
      "name": "svm_linear",
      "test_accuracy": 0.7433333333333333,
      "overfitting_score": -0.0033333333333332993
    }
  },
  "performance_log": [
    {
      "model": "logistic_regression",
      "complexity": "low",
      "train_accuracy": 0.7371428571428571,
      "test_accuracy": 0.7366666666666667,
      "cv_accuracy": 0.7271428571428572,
      "overfitting_score": 0.0004761904761904079
    },
    {
      "model": "decision_tree",
      "complexity": "low",
      "train_accuracy": 0.8214285714285714,
      "test_accuracy": 0.7066666666666667,
      "cv_accuracy": 0.7114285714285714,
      "overfitting_score": 0.11476190476190473
    },
    {
      "model": "random_forest_simple",
      "complexity": "moderate",
      "train_accuracy": 0.8057142857142857,
      "test_accuracy": 0.7233333333333334,
      "cv_accuracy": 0.7057142857142857,
      "overfitting_score": 0.08238095238095233
    },
    {
      "model": "random_forest_moderate",
      "complexity": "high",
      "train_accuracy": 0.9828571428571429,
      "test_accuracy": 0.7166666666666667,
      "cv_accuracy": 0.7114285714285714,
      "overfitting_score": 0.2661904761904762
    },
    {
      "model": "random_forest_complex",
      "complexity": "high",
      "train_accuracy": 1.0,
      "test_accuracy": 0.69,
      "cv_accuracy": 0.722857142857143,
      "overfitting_score": 0.31000000000000005
    },
    {
      "model": "svm_linear",
      "complexity": "moderate",
      "train_accuracy": 0.74,
      "test_accuracy": 0.7433333333333333,
      "cv_accuracy": 0.7342857142857143,
      "overfitting_score": -0.0033333333333332993
    },
    {
      "model": "svm_rbf",
      "complexity": "high",
      "train_accuracy": 0.7728571428571429,
      "test_accuracy": 0.73,
      "cv_accuracy": 0.7285714285714286,
      "overfitting_score": 0.04285714285714293
    },
    {
      "model": "mlp_simple",
      "complexity": "moderate",
      "train_accuracy": 0.8142857142857143,
      "test_accuracy": 0.7066666666666667,
      "cv_accuracy": 0.7200000000000001,
      "overfitting_score": 0.10761904761904761
    },
    {
      "model": "mlp_complex",
      "complexity": "high",
      "train_accuracy": 1.0,
      "test_accuracy": 0.69,
      "cv_accuracy": 0.6714285714285714,
      "overfitting_score": 0.31000000000000005
    }
  ]
}