{
  "timestamp": "20250929_100638",
  "dataset_info": {
    "shape": [
      768,
      9
    ],
    "features": [
      "Pregnancies",
      "Glucose",
      "BloodPressure",
      "SkinThickness",
      "Insulin",
      "BMI",
      "DiabetesPedigreeFunction",
      "Age"
    ],
    "target_classes": [
      0,
      1
    ]
  },
  "classical_models": {
    "Logistic Regression": {
      "accuracy": 0.7746965452847806,
      "accuracy_std": 0.014698285678615699,
      "balanced_accuracy": 0.7275345911949685,
      "balanced_accuracy_std": 0.008126926791321756,
      "f1_macro": 0.7373837440595707,
      "f1_macro_std": 0.011099177849927552,
      "roc_auc": 0.8305380852550664,
      "roc_auc_std": 0.022179605246396034
    },
    "Random Forest": {
      "accuracy": 0.7721076309311604,
      "accuracy_std": 0.013483585267450915,
      "balanced_accuracy": 0.7341229909154438,
      "balanced_accuracy_std": 0.01550316457738389,
      "f1_macro": 0.740662811798088,
      "f1_macro_std": 0.015530763793132082,
      "roc_auc": 0.8227064989517819,
      "roc_auc_std": 0.02219567671061887
    },
    "XGBoost": {
      "accuracy": 0.747347423818012,
      "accuracy_std": 0.02011554391688753,
      "balanced_accuracy": 0.711575821104123,
      "balanced_accuracy_std": 0.02705315286459396,
      "f1_macro": 0.7151519951708346,
      "f1_macro_std": 0.0261966647758636,
      "roc_auc": 0.7914318658280923,
      "roc_auc_std": 0.028424996919383348
    }
  },
  "neural_network": {
    "accuracy": 0.80078125,
    "balanced_accuracy": 0.7690895522388059,
    "f1_macro": 0.7752165021817605,
    "roc_auc": 0.8779179104477612,
    "training_losses": [
      0.6469648654262224,
      0.5384953990578651,
      0.510983464618524,
      0.4917652706305186,
      0.48702586938937503,
      0.46923039481043816,
      0.4778414045770963,
      0.4755707581837972,
      0.47412221257885295,
      0.4500529021024704
    ],
    "epochs": 10
  },
  "training_config": {
    "epochs": 10,
    "cross_validation_folds": 5
  }
}