feature,importance
age,0.3576567766535545
bmi,0.19323740723000987
blood_pressure,0.17557464702321132
cholesterol,0.10740053112064495
glucose,0.10241436033614358
heart_rate,0.0637162776364357
