feature,importance
age,0.31776076803081543
bmi,0.1838490509615034
blood_pressure,0.17550431494325178
cholesterol,0.12148099757499006
glucose,0.10893910977776067
heart_rate,0.09246575871167864
