feature,importance
age,0.4550755603352496
bmi,0.19776447419116167
blood_pressure,0.1673493137540254
glucose,0.0726550570870204
cholesterol,0.0724101369686316
heart_rate,0.03474545766391125
