model,type,rmse_mean,mse_mean,mae_mean,r2_mean,r2_std
LinearRegression,regression,0.5994699539971329,0.3593642257453247,0.4876552755136059,-0.4694997146880787,0.48209209669827974
Ridge,regression,0.5886520377628143,0.3465112215623137,0.48090511871420005,-0.41693531117903093,0.4661707327936651
RandomForest,regression,0.39378675550874304,0.15506800881410254,0.3214262820512821,0.36774398251488105,0.20418169169218758
SVR,regression,0.4320563976007497,0.1866727307077371,0.39673903861148935,0.23701592971640456,0.19344017268681732
GradientBoosting,regression,0.517347076570199,0.2676479976357313,0.3208572301180623,-0.09576784365055199,0.4252692740324774
XGBoost,regression,0.40756087434224914,0.1661058662946186,0.2918364990932437,0.32268560290055043,0.3122306885706721
