{
  "best_validation_rmse": 0.35705338958276633,
  "validation_mae": 0.25655028223991394,
  "validation_r2": 0.48701608180999756
}