{
  "timestamp": "20250929_101045",
  "dataset_info": {
    "shape": [
      768,
      9
    ],
    "features": [
      "Pregnancies",
      "Glucose",
      "BloodPressure",
      "SkinThickness",
      "Insulin",
      "BMI",
      "DiabetesPedigreeFunction",
      "Age"
    ],
    "target_classes": [
      0,
      1
    ]
  },
  "classical_models": {
    "Logistic Regression": {
      "accuracy": 0.7746965452847806,
      "accuracy_std": 0.014698285678615699,
      "balanced_accuracy": 0.7275345911949685,
      "balanced_accuracy_std": 0.008126926791321756,
      "f1_macro": 0.7373837440595707,
      "f1_macro_std": 0.011099177849927552,
      "roc_auc": 0.8305380852550664,
      "roc_auc_std": 0.022179605246396034
    },
    "Random Forest": {
      "accuracy": 0.7721076309311604,
      "accuracy_std": 0.013483585267450915,
      "balanced_accuracy": 0.7341229909154438,
      "balanced_accuracy_std": 0.01550316457738389,
      "f1_macro": 0.740662811798088,
      "f1_macro_std": 0.015530763793132082,
      "roc_auc": 0.8227064989517819,
      "roc_auc_std": 0.02219567671061887
    },
    "XGBoost": {
      "accuracy": 0.747347423818012,
      "accuracy_std": 0.02011554391688753,
      "balanced_accuracy": 0.711575821104123,
      "balanced_accuracy_std": 0.02705315286459396,
      "f1_macro": 0.7151519951708346,
      "f1_macro_std": 0.0261966647758636,
      "roc_auc": 0.7914318658280923,
      "roc_auc_std": 0.028424996919383348
    }
  },
  "neural_network": {
    "accuracy": 0.8268229166666666,
    "balanced_accuracy": 0.7951492537313434,
    "f1_macro": 0.8034176355227781,
    "roc_auc": 0.8998880597014927,
    "training_losses": [
      0.6352313235402107,
      0.5507635076840719,
      0.5122938019533952,
      0.49430616448322934,
      0.49815911302963894,
      0.4716755251089732,
      0.4727342228094737,
      0.4633784033358097,
      0.47677401453256607,
      0.4559283989171187,
      0.4705948581298192,
      0.45923518265287083,
      0.44952866186698276,
      0.45221080134312314,
      0.4556391065319379,
      0.43817975496252376,
      0.45190858592589694,
      0.4532430184384187,
      0.43280188863476116,
      0.44354786599675816
    ],
    "epochs": 20
  },
  "training_config": {
    "epochs": 20,
    "cross_validation_folds": 5
  }
}