{
  "timestamp": "2025-09-29T09:47:22.961431",
  "dataset_info": {
    "shape": [
      2149,
      35
    ],
    "columns": [
      "PatientID",
      "Age",
      "Gender",
      "Ethnicity",
      "EducationLevel",
      "BMI",
      "Smoking",
      "AlcoholConsumption",
      "PhysicalActivity",
      "DietQuality",
      "SleepQuality",
      "FamilyHistoryAlzheimers",
      "CardiovascularDisease",
      "Diabetes",
      "Depression",
      "HeadInjury",
      "Hypertension",
      "SystolicBP",
      "DiastolicBP",
      "CholesterolTotal",
      "CholesterolLDL",
      "CholesterolHDL",
      "CholesterolTriglycerides",
      "MMSE",
      "FunctionalAssessment",
      "MemoryComplaints",
      "BehavioralProblems",
      "ADL",
      "Confusion",
      "Disorientation",
      "PersonalityChanges",
      "DifficultyCompletingTasks",
      "Forgetfulness",
      "Diagnosis",
      "DoctorInCharge"
    ],
    "target_classes": [
      0,
      1
    ]
  },
  "preprocessing_info": {
    "processed_shape": [
      2149,
      32
    ],
    "num_features": 32
  },
  "classical_models": {
    "Logistic Regression": {
      "accuracy": {
        "mean": 0.8329441101534124,
        "std": 0.016809676705653646,
        "scores": [
          0.8488372093023255,
          0.8534883720930233,
          0.8255813953488372,
          0.8069767441860465,
          0.8298368298368298
        ]
      },
      "balanced_accuracy": {
        "mean": 0.809394859183905,
        "std": 0.01506711334200855,
        "scores": [
          0.8264388489208634,
          0.8255632336236274,
          0.7980168496781522,
          0.7881010980689134,
          0.8088542656279688
        ]
      },
      "macro_f1": {
        "mean": 0.8143180634288129,
        "std": 0.017230923947462954,
        "scores": [
          0.8317592743076248,
          0.8346910755148742,
          0.8045679588411032,
          0.7885300199678855,
          0.8120419885125767
        ]
      },
      "roc_auc": {
        "mean": 0.8975910797108086,
        "std": 0.011798976122122044,
        "scores": [
          0.8976713366149185,
          0.9198220371071563,
          0.8881578947368421,
          0.8872822794396062,
          0.8950218506555198
        ]
      }
    },
    "Random Forest": {
      "accuracy": {
        "mean": 0.9385807990459154,
        "std": 0.010439287082686629,
        "scores": [
          0.9465116279069767,
          0.9209302325581395,
          0.9325581395348838,
          0.9441860465116279,
          0.9487179487179487
        ]
      },
      "balanced_accuracy": {
        "mean": 0.9238807775744065,
        "std": 0.015332201700560799,
        "scores": [
          0.9347784929950776,
          0.9000851950018932,
          0.9120598258235517,
          0.9314890193108671,
          0.9409913547406422
        ]
      },
      "macro_f1": {
        "mean": 0.9314226860224064,
        "std": 0.012272942193895691,
        "scores": [
          0.9406629668516574,
          0.9109427158207646,
          0.9239054157131961,
          0.9379822600418259,
          0.9436200716845877
        ]
      },
      "roc_auc": {
        "mean": 0.9498542065074902,
        "std": 0.005953985168666758,
        "scores": [
          0.9563730594471791,
          0.9526457781143507,
          0.9389909125331314,
          0.9525984475577433,
          0.9486628348850467
        ]
      }
    },
    "XGBoost": {
      "accuracy": {
        "mean": 0.9511421911421911,
        "std": 0.004858674760769097,
        "scores": [
          0.9534883720930233,
          0.9441860465116279,
          0.9465116279069767,
          0.9558139534883721,
          0.9557109557109557
        ]
      },
      "balanced_accuracy": {
        "mean": 0.9422415990825048,
        "std": 0.0076029113620840975,
        "scores": [
          0.9461378265808406,
          0.9314890193108671,
          0.9347784929950776,
          0.9494273002650511,
          0.9493753562606879
        ]
      },
      "macro_f1": {
        "mean": 0.9460563077090068,
        "std": 0.005643707601231185,
        "scores": [
          0.9488095238095238,
          0.9379822600418259,
          0.9406629668516574,
          0.951443904932277,
          0.9513828829097503
        ]
      },
      "roc_auc": {
        "mean": 0.9531450556826057,
        "std": 0.006609817882267579,
        "scores": [
          0.960431654676259,
          0.9511312003029156,
          0.9413574403634986,
          0.9556512684589171,
          0.9571537146114383
        ]
      }
    }
  },
  "neural_network": {
    "accuracy": 0.9767333643555142,
    "balanced_accuracy": 0.9721699632450457,
    "macro_f1": 0.9744299144062505,
    "roc_auc": 0.9980267894357926,
    "final_loss": 0.20912731740185442,
    "training_losses": [
      0.6271382960326531,
      0.45657487432746324,
      0.4215146110338323,
      0.39342282274190116,
      0.37759829246822524,
      0.3670373970971388,
      0.362907100468874,
      0.3386372978634694,
      0.3401678239597994,
      0.3346446138970992,
      0.3267822620623252,
      0.3085488781113835,
      0.3124077898614547,
      0.29962947263437156,
      0.2960456958150162,
      0.2928789641489001,
      0.2839875057997072,
      0.28777197255369497,
      0.28555751811055574,
      0.2745702127542566,
      0.2938481551759383,
      0.27687856379677267,
      0.27878039220676704,
      0.2533698608989225,
      0.25262756777160306,
      0.2531638995689504,
      0.23901891445412354,
      0.22863267307334087,
      0.30672010560246077,
      0.24583752234192455,
      0.23113447214093277,
      0.22798104830743635,
      0.23702907770433845,
      0.23062883558518746,
      0.21404259147889473,
      0.2205403555622872,
      0.21443768223638043,
      0.21650007367134094,
      0.2312314922318739,
      0.23398618071394808,
      0.22230970804743908,
      0.22239816906478474,
      0.19195842378608444,
      0.2223951931056731,
      0.21216440463767333,
      0.2522969024584574,
      0.202786137623822,
      0.19770046411191716,
      0.21385107616729596,
      0.20912731740185442
    ],
    "epochs": 50
  },
  "dependencies": {
    "xgboost_available": true,
    "lightgbm_available": false,
    "torch_available": true,
    "kagglehub_available": true
  }
}