{
  "timestamp": "2025-09-28T13:52:09.528639",
  "dataset_info": {
    "shape": [
      2149,
      35
    ],
    "columns": [
      "PatientID",
      "Age",
      "Gender",
      "Ethnicity",
      "EducationLevel",
      "BMI",
      "Smoking",
      "AlcoholConsumption",
      "PhysicalActivity",
      "DietQuality",
      "SleepQuality",
      "FamilyHistoryAlzheimers",
      "CardiovascularDisease",
      "Diabetes",
      "Depression",
      "HeadInjury",
      "Hypertension",
      "SystolicBP",
      "DiastolicBP",
      "CholesterolTotal",
      "CholesterolLDL",
      "CholesterolHDL",
      "CholesterolTriglycerides",
      "MMSE",
      "FunctionalAssessment",
      "MemoryComplaints",
      "BehavioralProblems",
      "ADL",
      "Confusion",
      "Disorientation",
      "PersonalityChanges",
      "DifficultyCompletingTasks",
      "Forgetfulness",
      "Diagnosis",
      "DoctorInCharge"
    ],
    "target_classes": [
      0,
      1
    ]
  },
  "preprocessing_info": {
    "processed_shape": [
      2149,
      32
    ],
    "num_features": 32
  },
  "classical_models": {
    "Logistic Regression": {
      "accuracy": {
        "mean": 0.8329441101534124,
        "std": 0.016809676705653646,
        "scores": [
          0.8488372093023255,
          0.8534883720930233,
          0.8255813953488372,
          0.8069767441860465,
          0.8298368298368298
        ]
      },
      "balanced_accuracy": {
        "mean": 0.809394859183905,
        "std": 0.01506711334200855,
        "scores": [
          0.8264388489208634,
          0.8255632336236274,
          0.7980168496781522,
          0.7881010980689134,
          0.8088542656279688
        ]
      },
      "macro_f1": {
        "mean": 0.8143180634288129,
        "std": 0.017230923947462954,
        "scores": [
          0.8317592743076248,
          0.8346910755148742,
          0.8045679588411032,
          0.7885300199678855,
          0.8120419885125767
        ]
      },
      "roc_auc": {
        "mean": 0.8975910797108086,
        "std": 0.011798976122122044,
        "scores": [
          0.8976713366149185,
          0.9198220371071563,
          0.8881578947368421,
          0.8872822794396062,
          0.8950218506555198
        ]
      }
    },
    "Random Forest": {
      "accuracy": {
        "mean": 0.9385807990459154,
        "std": 0.010439287082686629,
        "scores": [
          0.9465116279069767,
          0.9209302325581395,
          0.9325581395348838,
          0.9441860465116279,
          0.9487179487179487
        ]
      },
      "balanced_accuracy": {
        "mean": 0.9238807775744065,
        "std": 0.015332201700560799,
        "scores": [
          0.9347784929950776,
          0.9000851950018932,
          0.9120598258235517,
          0.9314890193108671,
          0.9409913547406422
        ]
      },
      "macro_f1": {
        "mean": 0.9314226860224064,
        "std": 0.012272942193895691,
        "scores": [
          0.9406629668516574,
          0.9109427158207646,
          0.9239054157131961,
          0.9379822600418259,
          0.9436200716845877
        ]
      },
      "roc_auc": {
        "mean": 0.9498542065074902,
        "std": 0.005953985168666758,
        "scores": [
          0.9563730594471791,
          0.9526457781143507,
          0.9389909125331314,
          0.9525984475577433,
          0.9486628348850467
        ]
      }
    },
    "XGBoost": {
      "accuracy": {
        "mean": 0.9511421911421911,
        "std": 0.004858674760769097,
        "scores": [
          0.9534883720930233,
          0.9441860465116279,
          0.9465116279069767,
          0.9558139534883721,
          0.9557109557109557
        ]
      },
      "balanced_accuracy": {
        "mean": 0.9422415990825048,
        "std": 0.0076029113620840975,
        "scores": [
          0.9461378265808406,
          0.9314890193108671,
          0.9347784929950776,
          0.9494273002650511,
          0.9493753562606879
        ]
      },
      "macro_f1": {
        "mean": 0.9460563077090068,
        "std": 0.005643707601231185,
        "scores": [
          0.9488095238095238,
          0.9379822600418259,
          0.9406629668516574,
          0.951443904932277,
          0.9513828829097503
        ]
      },
      "roc_auc": {
        "mean": 0.9531450556826057,
        "std": 0.006609817882267579,
        "scores": [
          0.960431654676259,
          0.9511312003029156,
          0.9413574403634986,
          0.9556512684589171,
          0.9571537146114383
        ]
      }
    },
    "LightGBM": {
      "accuracy": {
        "mean": 0.9543980050956795,
        "std": 0.004782836444942237,
        "scores": [
          0.9604651162790697,
          0.9488372093023256,
          0.9488372093023256,
          0.958139534883721,
          0.9557109557109557
        ]
      },
      "balanced_accuracy": {
        "mean": 0.9468455636402904,
        "std": 0.007962306657811833,
        "scores": [
          0.9560062476334721,
          0.9380679666792882,
          0.9365770541461568,
          0.9527167739492617,
          0.9508597757932737
        ]
      },
      "macro_f1": {
        "mean": 0.9497541918289102,
        "std": 0.005561706293074043,
        "scores": [
          0.9566868715596875,
          0.943334291738547,
          0.9431504050383404,
          0.9540696432386242,
          0.9515297475693516
        ]
      },
      "roc_auc": {
        "mean": 0.9532888072973125,
        "std": 0.00789240380500074,
        "scores": [
          0.9615675880348353,
          0.953710715638016,
          0.9388962514199167,
          0.9592483907610754,
          0.953021090632719
        ]
      }
    }
  },
  "neural_network": {
    "accuracy": 0.9637040483946021,
    "balanced_accuracy": 0.9537489106134667,
    "macro_f1": 0.9597572499467022,
    "roc_auc": 0.9938700693418211,
    "final_loss": 0.23895564500023336,
    "training_losses": [
      0.6217436391641112,
      0.4713766706340453,
      0.4193595192011665,
      0.3924001104691449,
      0.3653576525256914,
      0.35741573506418395,
      0.3340459686210927,
      0.3529767422553371,
      0.3382794357397977,
      0.3266390553292106,
      0.32528503874645515,
      0.3074544508229284,
      0.307007736471646,
      0.30113696482251673,
      0.3217436479514136,
      0.29858310389168125,
      0.2745480877073372,
      0.27971245994900956,
      0.2955434667494367,
      0.2754386158331352,
      0.2632239422596553,
      0.25425523535951094,
      0.2607136508997749,
      0.26042479780666966,
      0.24930939702864954,
      0.2364249748780447,
      0.2557102240731611,
      0.23950595901731184,
      0.2484283956753857,
      0.23895564500023336
    ],
    "epochs": 30
  },
  "dependencies": {
    "xgboost_available": true,
    "lightgbm_available": true,
    "torch_available": true,
    "kagglehub_available": true
  }
}