{
  "timestamp": "2025-09-14T12:06:34.668211",
  "dataset_info": {
    "shape": [
      2149,
      35
    ],
    "columns": [
      "PatientID",
      "Age",
      "Gender",
      "Ethnicity",
      "EducationLevel",
      "BMI",
      "Smoking",
      "AlcoholConsumption",
      "PhysicalActivity",
      "DietQuality",
      "SleepQuality",
      "FamilyHistoryAlzheimers",
      "CardiovascularDisease",
      "Diabetes",
      "Depression",
      "HeadInjury",
      "Hypertension",
      "SystolicBP",
      "DiastolicBP",
      "CholesterolTotal",
      "CholesterolLDL",
      "CholesterolHDL",
      "CholesterolTriglycerides",
      "MMSE",
      "FunctionalAssessment",
      "MemoryComplaints",
      "BehavioralProblems",
      "ADL",
      "Confusion",
      "Disorientation",
      "PersonalityChanges",
      "DifficultyCompletingTasks",
      "Forgetfulness",
      "Diagnosis",
      "DoctorInCharge"
    ],
    "target_classes": [
      0,
      1
    ]
  },
  "preprocessing_info": {
    "processed_shape": [
      2149,
      32
    ],
    "num_features": 32
  },
  "classical_models": {
    "Logistic Regression": {
      "accuracy": {
        "mean": 0.8236321510545235,
        "std": 0.014507383829197529,
        "scores": [
          0.838139534883721,
          0.8091247672253259
        ]
      },
      "balanced_accuracy": {
        "mean": 0.7986170747915546,
        "std": 0.012988377688566588,
        "scores": [
          0.8116054524801212,
          0.785628697102988
        ]
      },
      "macro_f1": {
        "mean": 0.8037001970310214,
        "std": 0.014876818262630709,
        "scores": [
          0.818577015293652,
          0.7888233787683906
        ]
      },
      "roc_auc": {
        "mean": 0.8937986740896984,
        "std": 0.0057469525668710775,
        "scores": [
          0.8995456266565695,
          0.8880517215228273
        ]
      }
    },
    "Random Forest": {
      "accuracy": {
        "mean": 0.9297340955350569,
        "std": 0.0014286951626174549,
        "scores": [
          0.9311627906976744,
          0.9283054003724395
        ]
      },
      "balanced_accuracy": {
        "mean": 0.9107862519327781,
        "std": 0.000790802213378683,
        "scores": [
          0.9115770541461568,
          0.9099954497193994
        ]
      },
      "macro_f1": {
        "mean": 0.9210721669341682,
        "std": 0.0014499028320052454,
        "scores": [
          0.9225220697661735,
          0.919622264102163
        ]
      },
      "roc_auc": {
        "mean": 0.9501255978381258,
        "std": 0.0018603923171184866,
        "scores": [
          0.9519859901552442,
          0.9482652055210072
        ]
      }
    },
    "XGBoost": {
      "accuracy": {
        "mean": 0.9474189077995756,
        "std": 0.003232861287947697,
        "scores": [
          0.9441860465116279,
          0.9506517690875232
        ]
      },
      "balanced_accuracy": {
        "mean": 0.9378724928444928,
        "std": 0.004892561000494344,
        "scores": [
          0.9329799318439984,
          0.9427650538449871
        ]
      },
      "macro_f1": {
        "mean": 0.9419301274352911,
        "std": 0.0037472637205124837,
        "scores": [
          0.9381828637147787,
          0.9456773911558036
        ]
      },
      "roc_auc": {
        "mean": 0.9551030333021615,
        "std": 0.001360427508137585,
        "scores": [
          0.9564634608102991,
          0.9537426057940239
        ]
      }
    },
    "LightGBM": {
      "accuracy": {
        "mean": 0.9460222597548829,
        "std": 0.0018362132432550027,
        "scores": [
          0.9441860465116279,
          0.9478584729981379
        ]
      },
      "balanced_accuracy": {
        "mean": 0.9385814145589337,
        "std": 0.001426927622167451,
        "scores": [
          0.9371544869367663,
          0.9400083421811012
        ]
      },
      "macro_f1": {
        "mean": 0.9406801423040917,
        "std": 0.001957912059284639,
        "scores": [
          0.938722230244807,
          0.9426380543633763
        ]
      },
      "roc_auc": {
        "mean": 0.955218187045995,
        "std": 0.0006933858343327048,
        "scores": [
          0.9545248012116623,
          0.9559115728803277
        ]
      }
    }
  },
  "neural_network": {
    "accuracy": 0.8892508143322475,
    "balanced_accuracy": 0.8732134060854079,
    "macro_f1": 0.8774445811863576,
    "roc_auc": 0.9440865257095223,
    "final_loss": 0.37150801411446405,
    "training_losses": [
      0.5975737869739532,
      0.45727205802412596,
      0.43876513400498557,
      0.4026040283634382,
      0.37150801411446405
    ],
    "epochs": 5
  },
  "dependencies": {
    "xgboost_available": true,
    "lightgbm_available": true,
    "torch_available": true,
    "kagglehub_available": true
  }
}