{
  "timestamp": "2025-09-12T17:22:30.240705",
  "dataset_info": {
    "shape": [
      2149,
      35
    ],
    "columns": [
      "PatientID",
      "Age",
      "Gender",
      "Ethnicity",
      "EducationLevel",
      "BMI",
      "Smoking",
      "AlcoholConsumption",
      "PhysicalActivity",
      "DietQuality",
      "SleepQuality",
      "FamilyHistoryAlzheimers",
      "CardiovascularDisease",
      "Diabetes",
      "Depression",
      "HeadInjury",
      "Hypertension",
      "SystolicBP",
      "DiastolicBP",
      "CholesterolTotal",
      "CholesterolLDL",
      "CholesterolHDL",
      "CholesterolTriglycerides",
      "MMSE",
      "FunctionalAssessment",
      "MemoryComplaints",
      "BehavioralProblems",
      "ADL",
      "Confusion",
      "Disorientation",
      "PersonalityChanges",
      "DifficultyCompletingTasks",
      "Forgetfulness",
      "Diagnosis",
      "DoctorInCharge"
    ],
    "target_classes": [
      0,
      1
    ]
  },
  "preprocessing_info": {
    "processed_shape": [
      2149,
      32
    ],
    "num_features": 32
  },
  "classical_models": {
    "Logistic Regression": {
      "accuracy": {
        "mean": 0.8329441101534124,
        "std": 0.016809676705653646,
        "scores": [
          0.8488372093023255,
          0.8534883720930233,
          0.8255813953488372,
          0.8069767441860465,
          0.8298368298368298
        ]
      },
      "balanced_accuracy": {
        "mean": 0.809394859183905,
        "std": 0.01506711334200855,
        "scores": [
          0.8264388489208634,
          0.8255632336236274,
          0.7980168496781522,
          0.7881010980689134,
          0.8088542656279688
        ]
      },
      "macro_f1": {
        "mean": 0.8143180634288129,
        "std": 0.017230923947462954,
        "scores": [
          0.8317592743076248,
          0.8346910755148742,
          0.8045679588411032,
          0.7885300199678855,
          0.8120419885125767
        ]
      },
      "roc_auc": {
        "mean": 0.8975910797108086,
        "std": 0.011798976122122044,
        "scores": [
          0.8976713366149185,
          0.9198220371071563,
          0.8881578947368421,
          0.8872822794396062,
          0.8950218506555198
        ]
      }
    },
    "Random Forest": {
      "accuracy": {
        "mean": 0.9385807990459154,
        "std": 0.010439287082686629,
        "scores": [
          0.9465116279069767,
          0.9209302325581395,
          0.9325581395348838,
          0.9441860465116279,
          0.9487179487179487
        ]
      },
      "balanced_accuracy": {
        "mean": 0.9238807775744065,
        "std": 0.015332201700560799,
        "scores": [
          0.9347784929950776,
          0.9000851950018932,
          0.9120598258235517,
          0.9314890193108671,
          0.9409913547406422
        ]
      },
      "macro_f1": {
        "mean": 0.9314226860224064,
        "std": 0.012272942193895691,
        "scores": [
          0.9406629668516574,
          0.9109427158207646,
          0.9239054157131961,
          0.9379822600418259,
          0.9436200716845877
        ]
      },
      "roc_auc": {
        "mean": 0.9498542065074902,
        "std": 0.005953985168666758,
        "scores": [
          0.9563730594471791,
          0.9526457781143507,
          0.9389909125331314,
          0.9525984475577433,
          0.9486628348850467
        ]
      }
    },
    "XGBoost": {
      "accuracy": {
        "mean": 0.9511421911421911,
        "std": 0.004858674760769097,
        "scores": [
          0.9534883720930233,
          0.9441860465116279,
          0.9465116279069767,
          0.9558139534883721,
          0.9557109557109557
        ]
      },
      "balanced_accuracy": {
        "mean": 0.9422415990825048,
        "std": 0.0076029113620840975,
        "scores": [
          0.9461378265808406,
          0.9314890193108671,
          0.9347784929950776,
          0.9494273002650511,
          0.9493753562606879
        ]
      },
      "macro_f1": {
        "mean": 0.9460563077090068,
        "std": 0.005643707601231185,
        "scores": [
          0.9488095238095238,
          0.9379822600418259,
          0.9406629668516574,
          0.951443904932277,
          0.9513828829097503
        ]
      },
      "roc_auc": {
        "mean": 0.9531450556826057,
        "std": 0.006609817882267579,
        "scores": [
          0.960431654676259,
          0.9511312003029156,
          0.9413574403634986,
          0.9556512684589171,
          0.9571537146114383
        ]
      }
    },
    "LightGBM": {
      "accuracy": {
        "mean": 0.9543980050956795,
        "std": 0.004782836444942237,
        "scores": [
          0.9604651162790697,
          0.9488372093023256,
          0.9488372093023256,
          0.958139534883721,
          0.9557109557109557
        ]
      },
      "balanced_accuracy": {
        "mean": 0.9468455636402904,
        "std": 0.007962306657811833,
        "scores": [
          0.9560062476334721,
          0.9380679666792882,
          0.9365770541461568,
          0.9527167739492617,
          0.9508597757932737
        ]
      },
      "macro_f1": {
        "mean": 0.9497541918289102,
        "std": 0.005561706293074043,
        "scores": [
          0.9566868715596875,
          0.943334291738547,
          0.9431504050383404,
          0.9540696432386242,
          0.9515297475693516
        ]
      },
      "roc_auc": {
        "mean": 0.9532888072973125,
        "std": 0.00789240380500074,
        "scores": [
          0.9615675880348353,
          0.953710715638016,
          0.9388962514199167,
          0.9592483907610754,
          0.953021090632719
        ]
      }
    }
  },
  "neural_network": {
    "accuracy": 0.9753373662168451,
    "balanced_accuracy": 0.9722817437762874,
    "macro_f1": 0.9729861523701777,
    "roc_auc": 0.9978733280284945,
    "final_loss": 0.19779199712416706,
    "training_losses": [
      0.579683970879106,
      0.4694339703111088,
      0.4209739958100459,
      0.3787513800403651,
      0.396208054440863,
      0.3728277367704055,
      0.350273695500458,
      0.352519455639755,
      0.345200246966937,
      0.31712789680151376,
      0.316872259711518,
      0.3235832014504601,
      0.3343205331441234,
      0.31177335944684115,
      0.3083122238955077,
      0.2920845669201192,
      0.3070533687577528,
      0.2867271207711276,
      0.28074632409740896,
      0.2685740721576354,
      0.26796235713888616,
      0.26929990618544464,
      0.26968774528187867,
      0.25889110652839437,
      0.2715694576720981,
      0.2569441992570372,
      0.2695705426089904,
      0.2515608881983687,
      0.2690149879850009,
      0.24165329315206585,
      0.22629372063366807,
      0.2206449452239801,
      0.2542110717691043,
      0.22042145360918605,
      0.22770656294682445,
      0.23520084634861527,
      0.20515838988563595,
      0.23656078082892826,
      0.2201377850245027,
      0.22873889107037992,
      0.21642094412270715,
      0.22724525592125513,
      0.23979844667893999,
      0.1965030624585993,
      0.22385454692823045,
      0.22484685792861617,
      0.22684146025601556,
      0.2120317690731848,
      0.18965984919272802,
      0.19779199712416706
    ],
    "epochs": 50
  },
  "dependencies": {
    "xgboost_available": true,
    "lightgbm_available": true,
    "torch_available": true,
    "kagglehub_available": true
  }
}