{
  "timestamp": "2025-09-14T12:16:39.469598",
  "dataset_info": {
    "shape": [
      2149,
      35
    ],
    "columns": [
      "PatientID",
      "Age",
      "Gender",
      "Ethnicity",
      "EducationLevel",
      "BMI",
      "Smoking",
      "AlcoholConsumption",
      "PhysicalActivity",
      "DietQuality",
      "SleepQuality",
      "FamilyHistoryAlzheimers",
      "CardiovascularDisease",
      "Diabetes",
      "Depression",
      "HeadInjury",
      "Hypertension",
      "SystolicBP",
      "DiastolicBP",
      "CholesterolTotal",
      "CholesterolLDL",
      "CholesterolHDL",
      "CholesterolTriglycerides",
      "MMSE",
      "FunctionalAssessment",
      "MemoryComplaints",
      "BehavioralProblems",
      "ADL",
      "Confusion",
      "Disorientation",
      "PersonalityChanges",
      "DifficultyCompletingTasks",
      "Forgetfulness",
      "Diagnosis",
      "DoctorInCharge"
    ],
    "target_classes": [
      0,
      1
    ]
  },
  "preprocessing_info": {
    "processed_shape": [
      2149,
      32
    ],
    "num_features": 32
  },
  "classical_models": {
    "Logistic Regression": {
      "accuracy": {
        "mean": 0.8236321510545235,
        "std": 0.014507383829197529,
        "scores": [
          0.838139534883721,
          0.8091247672253259
        ]
      },
      "balanced_accuracy": {
        "mean": 0.7986170747915546,
        "std": 0.012988377688566588,
        "scores": [
          0.8116054524801212,
          0.785628697102988
        ]
      },
      "macro_f1": {
        "mean": 0.8037001970310214,
        "std": 0.014876818262630709,
        "scores": [
          0.818577015293652,
          0.7888233787683906
        ]
      },
      "roc_auc": {
        "mean": 0.8937986740896984,
        "std": 0.0057469525668710775,
        "scores": [
          0.8995456266565695,
          0.8880517215228273
        ]
      }
    },
    "Random Forest": {
      "accuracy": {
        "mean": 0.9297340955350569,
        "std": 0.0014286951626174549,
        "scores": [
          0.9311627906976744,
          0.9283054003724395
        ]
      },
      "balanced_accuracy": {
        "mean": 0.9107862519327781,
        "std": 0.000790802213378683,
        "scores": [
          0.9115770541461568,
          0.9099954497193994
        ]
      },
      "macro_f1": {
        "mean": 0.9210721669341682,
        "std": 0.0014499028320052454,
        "scores": [
          0.9225220697661735,
          0.919622264102163
        ]
      },
      "roc_auc": {
        "mean": 0.9501255978381258,
        "std": 0.0018603923171184866,
        "scores": [
          0.9519859901552442,
          0.9482652055210072
        ]
      }
    },
    "XGBoost": {
      "accuracy": {
        "mean": 0.9474189077995756,
        "std": 0.003232861287947697,
        "scores": [
          0.9441860465116279,
          0.9506517690875232
        ]
      },
      "balanced_accuracy": {
        "mean": 0.9378724928444928,
        "std": 0.004892561000494344,
        "scores": [
          0.9329799318439984,
          0.9427650538449871
        ]
      },
      "macro_f1": {
        "mean": 0.9419301274352911,
        "std": 0.0037472637205124837,
        "scores": [
          0.9381828637147787,
          0.9456773911558036
        ]
      },
      "roc_auc": {
        "mean": 0.9551030333021615,
        "std": 0.001360427508137585,
        "scores": [
          0.9564634608102991,
          0.9537426057940239
        ]
      }
    },
    "LightGBM": {
      "accuracy": {
        "mean": 0.9460222597548829,
        "std": 0.0018362132432550027,
        "scores": [
          0.9441860465116279,
          0.9478584729981379
        ]
      },
      "balanced_accuracy": {
        "mean": 0.9385814145589337,
        "std": 0.001426927622167451,
        "scores": [
          0.9371544869367663,
          0.9400083421811012
        ]
      },
      "macro_f1": {
        "mean": 0.9406801423040917,
        "std": 0.001957912059284639,
        "scores": [
          0.938722230244807,
          0.9426380543633763
        ]
      },
      "roc_auc": {
        "mean": 0.955218187045995,
        "std": 0.0006933858343327048,
        "scores": [
          0.9545248012116623,
          0.9559115728803277
        ]
      }
    }
  },
  "neural_network": {
    "accuracy": 0.9990693345742205,
    "balanced_accuracy": 0.9986842105263158,
    "macro_f1": 0.9989815262414574,
    "roc_auc": 0.9999981054147248,
    "final_loss": 0.13046535442802398,
    "training_losses": [
      0.6111748665571213,
      0.47655973714940686,
      0.41211245581507683,
      0.39858838828171,
      0.36838451378485737,
      0.3670964690254015,
      0.3480359861517654,
      0.3467456459560815,
      0.3494388870894909,
      0.3160173597142977,
      0.3296908528050956,
      0.3261546063072541,
      0.30595604089253087,
      0.3145998661570689,
      0.30309090029229135,
      0.2843134965309325,
      0.2903913372360608,
      0.2691353551824303,
      0.27641066229518724,
      0.2494861539453268,
      0.2935934747185777,
      0.2608126879614942,
      0.24710887243204258,
      0.24362803097156918,
      0.26422001454321775,
      0.2705360935891376,
      0.25637396556489606,
      0.2524254085386501,
      0.2461616807781598,
      0.27394962990108657,
      0.22381619232542374,
      0.24867424138766878,
      0.24243881934158065,
      0.21255645791397376,
      0.2259298674762249,
      0.20432486538501346,
      0.22332118577597773,
      0.22772887907922268,
      0.21451152170843937,
      0.19952989161452828,
      0.23250264411463456,
      0.21380875807474642,
      0.20382157954223015,
      0.21266810935648048,
      0.1919854382491287,
      0.19785204157233238,
      0.21358091499218168,
      0.19554402443635113,
      0.19594504426726522,
      0.20664200630477247,
      0.2412271376918344,
      0.1924622772151933,
      0.1797355954973575,
      0.17771686471122153,
      0.1783739589702557,
      0.19246208875933113,
      0.16001844455433242,
      0.17025043590761282,
      0.16861885112217245,
      0.19732619975419605,
      0.16686554603716908,
      0.15263126267339377,
      0.19567166876924388,
      0.17293292897589066,
      0.17118780484751744,
      0.18183063611607342,
      0.16700061443535721,
      0.1702112735468237,
      0.1634260968250387,
      0.17554316609440482,
      0.19585037686149864,
      0.17793076447046854,
      0.17307579068138318,
      0.14469914324581623,
      0.1655492005212342,
      0.14968429894789176,
      0.1842995698508971,
      0.15842139348387718,
      0.18153974359088085,
      0.1318765498478623,
      0.14622155212632873,
      0.12400078644756884,
      0.12428346777553945,
      0.16320126473574953,
      0.15204847891650655,
      0.1292974380776286,
      0.1119998853708453,
      0.13726620362414158,
      0.1195092756054638,
      0.14957514862694285,
      0.13415222979315064,
      0.1434462050195126,
      0.11824526215958245,
      0.15619433816412792,
      0.0943020857487093,
      0.14567531294682445,
      0.12310853496413021,
      0.15790100759990952,
      0.18971373121637633,
      0.13046535442802398
    ],
    "epochs": 100
  },
  "dependencies": {
    "xgboost_available": true,
    "lightgbm_available": true,
    "torch_available": true,
    "kagglehub_available": true
  }
}