{
  "timestamp": "2025-09-28T13:07:28.632702",
  "dataset_info": {
    "shape": [
      195,
      24
    ],
    "features": 22,
    "feature_names": [
      "MDVP:Fo(Hz)",
      "MDVP:Fhi(Hz)",
      "MDVP:Flo(Hz)",
      "MDVP:Jitter(%)",
      "MDVP:Jitter(Abs)",
      "MDVP:RAP",
      "MDVP:PPQ",
      "Jitter:DDP",
      "MDVP:Shimmer",
      "MDVP:Shimmer(dB)",
      "Shimmer:APQ3",
      "Shimmer:APQ5",
      "MDVP:APQ",
      "Shimmer:DDA",
      "NHR",
      "HNR",
      "RPDE",
      "DFA",
      "spread1",
      "spread2",
      "D2",
      "PPE"
    ]
  },
  "classical_results": {
    "Logistic Regression": {
      "accuracy_mean": 0.8666666666666666,
      "accuracy_std": 0.04971979340939825,
      "balanced_accuracy_mean": 0.7948659003831418,
      "balanced_accuracy_std": 0.07852456537779787,
      "f1_macro_mean": 0.8073237477402107,
      "f1_macro_std": 0.07536151773984796,
      "roc_auc_mean": 0.9064367816091954,
      "roc_auc_std": 0.043363237732914006
    },
    "Random Forest": {
      "accuracy_mean": 0.8871794871794872,
      "accuracy_std": 0.06196433832612603,
      "balanced_accuracy_mean": 0.8238697318007663,
      "balanced_accuracy_std": 0.11670888011941191,
      "f1_macro_mean": 0.8311440393613363,
      "f1_macro_std": 0.10286383286423931,
      "roc_auc_mean": 0.961596424010217,
      "roc_auc_std": 0.029177239595781595
    },
    "SVM": {
      "accuracy_mean": 0.8717948717948717,
      "accuracy_std": 0.05378506913693089,
      "balanced_accuracy_mean": 0.7487739463601534,
      "balanced_accuracy_std": 0.0945832294189988,
      "f1_macro_mean": 0.7812859184905954,
      "f1_macro_std": 0.10755228340928913,
      "roc_auc_mean": 0.8926947637292464,
      "roc_auc_std": 0.05628770798100559
    },
    "XGBoost": {
      "accuracy_mean": 0.9282051282051281,
      "accuracy_std": 0.047000776358521436,
      "balanced_accuracy_mean": 0.8907662835249042,
      "balanced_accuracy_std": 0.07629817756286372,
      "f1_macro_mean": 0.899189367679041,
      "f1_macro_std": 0.06667741111310689,
      "roc_auc_mean": 0.9736653895274585,
      "roc_auc_std": 0.01975506074894189
    }
  },
  "neural_results": {
    "best_validation_accuracy": 0.9230769230769231,
    "final_validation_accuracy": 0.8974359035491943,
    "validation_f1_macro": 0.8655172413793104,
    "epochs_trained": 25
  },
  "output_directory": "parkinsons_results"
}