{
  "timestamp": "2025-09-29T09:48:37.190099",
  "dataset_info": {
    "shape": [
      500,
      24
    ],
    "features": 22,
    "feature_names": [
      "MDVP:Fo(Hz)",
      "MDVP:Fhi(Hz)",
      "MDVP:Flo(Hz)",
      "MDVP:Jitter(%)",
      "MDVP:Jitter(Abs)",
      "MDVP:RAP",
      "MDVP:PPQ",
      "Jitter:DDP",
      "MDVP:Shimmer",
      "MDVP:Shimmer(dB)",
      "Shimmer:APQ3",
      "Shimmer:APQ5",
      "MDVP:APQ",
      "Shimmer:DDA",
      "NHR",
      "HNR",
      "RPDE",
      "DFA",
      "spread1",
      "spread2",
      "D2",
      "PPE"
    ]
  },
  "classical_results": {
    "Logistic Regression": {
      "accuracy_mean": 0.8099999999999999,
      "accuracy_std": 0.029664793948382635,
      "balanced_accuracy_mean": 0.795427923845908,
      "balanced_accuracy_std": 0.03190617113112994,
      "f1_macro_mean": 0.7998802172061156,
      "f1_macro_std": 0.031778097223490204,
      "roc_auc_mean": 0.8863782276463492,
      "roc_auc_std": 0.01031526232361727
    },
    "Random Forest": {
      "accuracy_mean": 0.984,
      "accuracy_std": 0.01019803902718558,
      "balanced_accuracy_mean": 0.9828943483139432,
      "balanced_accuracy_std": 0.011625186467091299,
      "f1_macro_mean": 0.9834613539007785,
      "f1_macro_std": 0.010556544905384792,
      "roc_auc_mean": 0.9995866060355517,
      "roc_auc_std": 0.0006404271758920722
    },
    "SVM": {
      "accuracy_mean": 0.804,
      "accuracy_std": 0.011999999999999981,
      "balanced_accuracy_mean": 0.781018564715162,
      "balanced_accuracy_std": 0.014571012484342918,
      "f1_macro_mean": 0.788619145777556,
      "f1_macro_std": 0.014261167289930278,
      "roc_auc_mean": 0.8814325017258688,
      "roc_auc_std": 0.013909847217132341
    },
    "XGBoost": {
      "accuracy_mean": 0.992,
      "accuracy_std": 0.00979795897113272,
      "balanced_accuracy_mean": 0.9924762298470442,
      "balanced_accuracy_std": 0.009289506014179823,
      "f1_macro_mean": 0.9917609700435319,
      "f1_macro_std": 0.010090812784178017,
      "roc_auc_mean": 0.99888383629599,
      "roc_auc_std": 0.0022323274080198185
    }
  },
  "neural_results": {
    "best_validation_accuracy": 0.77,
    "final_validation_accuracy": 0.7599999904632568,
    "validation_f1_macro": 0.75,
    "epochs_trained": 18
  },
  "output_directory": "parkinsons_training_results_2"
}