{
  "timestamp": "20250929_101121",
  "dataset_info": {
    "shape": [
      768,
      9
    ],
    "features": [
      "Pregnancies",
      "Glucose",
      "BloodPressure",
      "SkinThickness",
      "Insulin",
      "BMI",
      "DiabetesPedigreeFunction",
      "Age"
    ],
    "target_classes": [
      0,
      1
    ]
  },
  "classical_models": {
    "Logistic Regression": {
      "accuracy": 0.7746965452847806,
      "accuracy_std": 0.014698285678615699,
      "balanced_accuracy": 0.7275345911949685,
      "balanced_accuracy_std": 0.008126926791321756,
      "f1_macro": 0.7373837440595707,
      "f1_macro_std": 0.011099177849927552,
      "roc_auc": 0.8305380852550664,
      "roc_auc_std": 0.022179605246396034
    },
    "Random Forest": {
      "accuracy": 0.7721076309311604,
      "accuracy_std": 0.013483585267450915,
      "balanced_accuracy": 0.7341229909154438,
      "balanced_accuracy_std": 0.01550316457738389,
      "f1_macro": 0.740662811798088,
      "f1_macro_std": 0.015530763793132082,
      "roc_auc": 0.8227064989517819,
      "roc_auc_std": 0.02219567671061887
    },
    "XGBoost": {
      "accuracy": 0.747347423818012,
      "accuracy_std": 0.02011554391688753,
      "balanced_accuracy": 0.711575821104123,
      "balanced_accuracy_std": 0.02705315286459396,
      "f1_macro": 0.7151519951708346,
      "f1_macro_std": 0.0261966647758636,
      "roc_auc": 0.7914318658280923,
      "roc_auc_std": 0.028424996919383348
    }
  },
  "neural_network": {
    "accuracy": 0.8216145833333334,
    "balanced_accuracy": 0.7868208955223881,
    "f1_macro": 0.7962442605585389,
    "roc_auc": 0.8984776119402984,
    "training_losses": [
      0.6412337049841881,
      0.5283593771358331,
      0.5048730683823427,
      0.5054880442718664,
      0.4775652289390564,
      0.4737543935577075,
      0.4622795345882575,
      0.4792318195104599,
      0.48193348447481793,
      0.45176975429058075,
      0.45892784123619396,
      0.46884598210453987,
      0.4592157316704591,
      0.4437900247673194,
      0.4476565159857273,
      0.4404182421664397,
      0.4462680406868458,
      0.43036529173453647,
      0.44153300548593205,
      0.4446158620218436
    ],
    "epochs": 20
  },
  "training_config": {
    "epochs": 20,
    "cross_validation_folds": 5
  }
}